flight_id,flight_number,origin,destination,aircraft_type,delay_minutes,route
FL-1000,FJ412,SUV,SYD,737 MAX,0,SUV-SYD
FL-1001,FJ570,NAN,LAX,A350,0,NAN-LAX
FL-1002,FJ124,NAN,TBU,ATR-72,18,NAN-TBU
FL-1003,FJ890,SUV,SYD,737 MAX,67,SUV-SYD
FL-1004,FJ515,NAN,LAX,A350,13,NAN-LAX
FL-1005,FJ820,NAN,LAX,A350,0,NAN-LAX
FL-1006,FJ172,NAN,SYD,A350,5,NAN-SYD
FL-1007,FJ440,NAN,SIN,A330,5,NAN-SIN
FL-1008,FJ870,NAN,VLI,ATR-72,8,NAN-VLI
FL-1009,FJ727,NAN,NRT,A330,0,NAN-NRT
FL-1010,FJ913,NAN,VLI,ATR-72,47,NAN-VLI
FL-1011,FJ182,NAN,SFO,A350,14,NAN-SFO
FL-1012,FJ853,NAN,TBU,ATR-72,22,NAN-TBU
FL-1013,FJ790,NAN,SYD,A350,0,NAN-SYD
FL-1014,FJ474,NAN,HKG,A330,0,NAN-HKG
FL-1015,FJ141,SUV,SYD,737 MAX,17,SUV-SYD
FL-1016,FJ672,NAN,HKG,A330,43,NAN-HKG
FL-1017,FJ826,NAN,AKL,737 MAX,15,NAN-AKL
FL-1018,FJ442,NAN,SFO,A350,42,NAN-SFO
FL-1019,FJ216,NAN,SFO,A350,33,NAN-SFO
FL-1020,FJ992,SUV,SYD,737 MAX,0,SUV-SYD
FL-1021,FJ428,NAN,SFO,A350,0,NAN-SFO
FL-1022,FJ615,NAN,HKG,A330,21,NAN-HKG
FL-1023,FJ155,NAN,SIN,A330,11,NAN-SIN
FL-1024,FJ597,NAN,AKL,737 MAX,6,NAN-AKL
FL-1025,FJ949,NAN,VLI,ATR-72,10,NAN-VLI
FL-1026,FJ826,NAN,AKL,737 MAX,11,NAN-AKL
FL-1027,FJ945,NAN,VLI,ATR-72,48,NAN-VLI
FL-1028,FJ562,NAN,VLI,ATR-72,0,NAN-VLI
FL-1029,FJ809,NAN,TBU,ATR-72,6,NAN-TBU
FL-1030,FJ568,NAN,AKL,737 MAX,15,NAN-AKL
FL-1031,FJ283,NAN,AKL,737 MAX,23,NAN-AKL
FL-1032,FJ382,NAN,NRT,A330,19,NAN-NRT
FL-1033,FJ251,NAN,AKL,737 MAX,56,NAN-AKL
FL-1034,FJ995,SUV,SYD,737 MAX,31,SUV-SYD
FL-1035,FJ742,NAN,SFO,A350,16,NAN-SFO
FL-1036,FJ526,NAN,SYD,A350,0,NAN-SYD
FL-1037,FJ585,NAN,VLI,ATR-72,11,NAN-VLI
FL-1038,FJ760,NAN,HKG,A330,23,NAN-HKG
FL-1039,FJ293,NAN,SYD,A350,36,NAN-SYD
FL-1040,FJ337,NAN,AKL,737 MAX,64,NAN-AKL
FL-1041,FJ443,NAN,VLI,ATR-72,18,NAN-VLI
FL-1042,FJ451,NAN,SIN,A330,14,NAN-SIN
FL-1043,FJ707,NAN,HKG,A330,0,NAN-HKG
FL-1044,FJ555,NAN,VLI,ATR-72,0,NAN-VLI
FL-1045,FJ680,SUV,SYD,737 MAX,0,SUV-SYD
FL-1046,FJ275,NAN,LAX,A350,0,NAN-LAX
FL-1047,FJ595,NAN,NRT,A330,10,NAN-NRT
FL-1048,FJ888,NAN,HKG,A330,8,NAN-HKG
FL-1049,FJ461,NAN,SYD,A350,20,NAN-SYD
FL-1050,FJ270,NAN,NRT,A330,15,NAN-NRT
FL-1051,FJ828,NAN,TBU,ATR-72,18,NAN-TBU
FL-1052,FJ286,NAN,VLI,ATR-72,12,NAN-VLI
FL-1053,FJ809,NAN,LAX,A350,6,NAN-LAX
FL-1054,FJ343,NAN,LAX,A350,61,NAN-LAX
FL-1055,FJ688,NAN,AKL,737 MAX,0,NAN-AKL
FL-1056,FJ288,NAN,LAX,A350,55,NAN-LAX
FL-1057,FJ824,NAN,SFO,A350,7,NAN-SFO
FL-1058,FJ424,NAN,SYD,A350,14,NAN-SYD
FL-1059,FJ481,NAN,HKG,A330,0,NAN-HKG
FL-1060,FJ266,SUV,SYD,737 MAX,0,SUV-SYD
FL-1061,FJ224,NAN,VLI,ATR-72,11,NAN-VLI
FL-1062,FJ886,NAN,SYD,A350,27,NAN-SYD
FL-1063,FJ427,NAN,LAX,A350,6,NAN-LAX
FL-1064,FJ659,NAN,LAX,A350,16,NAN-LAX
FL-1065,FJ762,NAN,VLI,ATR-72,6,NAN-VLI
FL-1066,FJ396,NAN,NRT,A330,9,NAN-NRT
FL-1067,FJ250,NAN,TBU,ATR-72,47,NAN-TBU
FL-1068,FJ215,NAN,TBU,ATR-72,38,NAN-TBU
FL-1069,FJ664,SUV,SYD,737 MAX,14,SUV-SYD
FL-1070,FJ125,NAN,AKL,737 MAX,5,NAN-AKL
FL-1071,FJ961,NAN,SIN,A330,0,NAN-SIN
FL-1072,FJ465,NAN,SFO,A350,61,NAN-SFO
FL-1073,FJ156,NAN,AKL,737 MAX,0,NAN-AKL
FL-1074,FJ299,NAN,TBU,ATR-72,33,NAN-TBU
FL-1075,FJ327,NAN,TBU,ATR-72,9,NAN-TBU
FL-1076,FJ123,NAN,NRT,A330,84,NAN-NRT
FL-1077,FJ969,NAN,AKL,737 MAX,9,NAN-AKL
FL-1078,FJ787,SUV,SYD,737 MAX,8,SUV-SYD
FL-1079,FJ503,NAN,AKL,737 MAX,20,NAN-AKL
FL-1080,FJ425,NAN,SFO,A350,65,NAN-SFO
FL-1081,FJ623,NAN,TBU,ATR-72,74,NAN-TBU
FL-1082,FJ469,NAN,SYD,A350,24,NAN-SYD
FL-1083,FJ833,NAN,SIN,A330,28,NAN-SIN
FL-1084,FJ112,NAN,SIN,A330,16,NAN-SIN
FL-1085,FJ459,NAN,NRT,A330,28,NAN-NRT
FL-1086,FJ995,NAN,NRT,A330,39,NAN-NRT
FL-1087,FJ554,NAN,VLI,ATR-72,13,NAN-VLI
FL-1088,FJ925,NAN,SIN,A330,19,NAN-SIN
FL-1089,FJ701,NAN,SIN,A330,15,NAN-SIN
FL-1090,FJ410,NAN,TBU,ATR-72,16,NAN-TBU
FL-1091,FJ443,SUV,SYD,737 MAX,44,SUV-SYD
FL-1092,FJ874,NAN,AKL,737 MAX,8,NAN-AKL
FL-1093,FJ106,NAN,SIN,A330,0,NAN-SIN
FL-1094,FJ379,NAN,SIN,A330,12,NAN-SIN
FL-1095,FJ669,NAN,SIN,A330,0,NAN-SIN
FL-1096,FJ681,SUV,SYD,737 MAX,13,SUV-SYD
FL-1097,FJ290,NAN,LAX,A350,46,NAN-LAX
FL-1098,FJ667,NAN,SIN,A330,19,NAN-SIN
FL-1099,FJ409,SUV,SYD,737 MAX,38,SUV-SYD
FL-1100,FJ605,NAN,TBU,ATR-72,0,NAN-TBU
FL-1101,FJ329,NAN,VLI,ATR-72,46,NAN-VLI
FL-1102,FJ407,NAN,SYD,A350,18,NAN-SYD
FL-1103,FJ769,SUV,SYD,737 MAX,0,SUV-SYD
FL-1104,FJ804,NAN,NRT,A330,20,NAN-NRT
FL-1105,FJ383,NAN,SFO,A350,60,NAN-SFO
FL-1106,FJ470,SUV,SYD,737 MAX,0,SUV-SYD
FL-1107,FJ679,NAN,TBU,ATR-72,17,NAN-TBU
FL-1108,FJ743,NAN,SIN,A330,49,NAN-SIN
FL-1109,FJ937,SUV,SYD,737 MAX,0,SUV-SYD
FL-1110,FJ689,NAN,AKL,737 MAX,19,NAN-AKL
FL-1111,FJ266,NAN,SYD,A350,12,NAN-SYD
FL-1112,FJ572,NAN,TBU,ATR-72,8,NAN-TBU
FL-1113,FJ379,NAN,LAX,A350,19,NAN-LAX
FL-1114,FJ464,NAN,HKG,A330,0,NAN-HKG
FL-1115,FJ398,NAN,SYD,A350,27,NAN-SYD
FL-1116,FJ178,NAN,VLI,ATR-72,0,NAN-VLI
FL-1117,FJ884,NAN,VLI,ATR-72,7,NAN-VLI
FL-1118,FJ713,NAN,LAX,A350,14,NAN-LAX
FL-1119,FJ430,NAN,LAX,A350,9,NAN-LAX
FL-1120,FJ919,NAN,HKG,A330,7,NAN-HKG
FL-1121,FJ801,NAN,NRT,A330,35,NAN-NRT
FL-1122,FJ647,NAN,HKG,A330,54,NAN-HKG
FL-1123,FJ943,NAN,TBU,ATR-72,41,NAN-TBU
FL-1124,FJ388,NAN,LAX,A350,14,NAN-LAX
FL-1125,FJ521,NAN,HKG,A330,43,NAN-HKG
FL-1126,FJ204,NAN,HKG,A330,50,NAN-HKG
FL-1127,FJ615,NAN,SFO,A350,10,NAN-SFO
FL-1128,FJ914,NAN,SFO,A350,6,NAN-SFO
FL-1129,FJ806,NAN,VLI,ATR-72,0,NAN-VLI
FL-1130,FJ829,NAN,VLI,ATR-72,13,NAN-VLI
FL-1131,FJ874,NAN,VLI,ATR-72,58,NAN-VLI
FL-1132,FJ178,NAN,AKL,737 MAX,16,NAN-AKL
FL-1133,FJ117,NAN,AKL,737 MAX,22,NAN-AKL
FL-1134,FJ419,SUV,SYD,737 MAX,0,SUV-SYD
FL-1135,FJ936,NAN,HKG,A330,0,NAN-HKG
FL-1136,FJ635,SUV,SYD,737 MAX,12,SUV-SYD
FL-1137,FJ826,NAN,HKG,A330,60,NAN-HKG
FL-1138,FJ221,NAN,NRT,A330,8,NAN-NRT
FL-1139,FJ977,NAN,SFO,A350,41,NAN-SFO
FL-1140,FJ332,NAN,LAX,A350,0,NAN-LAX
FL-1141,FJ314,NAN,NRT,A330,19,NAN-NRT
FL-1142,FJ881,NAN,LAX,A350,18,NAN-LAX
FL-1143,FJ875,NAN,AKL,737 MAX,160,NAN-AKL
FL-1144,FJ133,NAN,SIN,A330,0,NAN-SIN
FL-1145,FJ160,NAN,VLI,ATR-72,0,NAN-VLI
FL-1146,FJ359,SUV,SYD,737 MAX,0,SUV-SYD
FL-1147,FJ110,NAN,SYD,A350,59,NAN-SYD
FL-1148,FJ716,NAN,AKL,737 MAX,0,NAN-AKL
FL-1149,FJ304,NAN,SFO,A350,0,NAN-SFO
FL-1150,FJ459,NAN,LAX,A350,15,NAN-LAX
FL-1151,FJ249,NAN,SYD,A350,15,NAN-SYD
FL-1152,FJ456,NAN,NRT,A330,37,NAN-NRT
FL-1153,FJ975,NAN,HKG,A330,59,NAN-HKG
FL-1154,FJ347,NAN,VLI,ATR-72,15,NAN-VLI
FL-1155,FJ169,NAN,VLI,ATR-72,53,NAN-VLI
FL-1156,FJ881,NAN,AKL,737 MAX,25,NAN-AKL
FL-1157,FJ322,NAN,SYD,A350,6,NAN-SYD
FL-1158,FJ275,NAN,SFO,A350,52,NAN-SFO
FL-1159,FJ201,NAN,VLI,ATR-72,22,NAN-VLI
FL-1160,FJ971,NAN,SFO,A350,10,NAN-SFO
FL-1161,FJ289,SUV,SYD,737 MAX,22,SUV-SYD
FL-1162,FJ209,SUV,SYD,737 MAX,10,SUV-SYD
FL-1163,FJ488,NAN,LAX,A350,0,NAN-LAX
FL-1164,FJ626,NAN,SIN,A330,25,NAN-SIN
FL-1165,FJ421,NAN,SFO,A350,34,NAN-SFO
FL-1166,FJ212,NAN,AKL,737 MAX,26,NAN-AKL
FL-1167,FJ607,NAN,VLI,ATR-72,5,NAN-VLI
FL-1168,FJ395,NAN,HKG,A330,62,NAN-HKG
FL-1169,FJ218,NAN,VLI,ATR-72,123,NAN-VLI
FL-1170,FJ567,NAN,SIN,A330,8,NAN-SIN
FL-1171,FJ803,NAN,TBU,ATR-72,6,NAN-TBU
FL-1172,FJ667,SUV,SYD,737 MAX,0,SUV-SYD
FL-1173,FJ975,NAN,SIN,A330,10,NAN-SIN
FL-1174,FJ977,NAN,SIN,A330,19,NAN-SIN
FL-1175,FJ795,NAN,AKL,737 MAX,42,NAN-AKL
FL-1176,FJ113,NAN,HKG,A330,91,NAN-HKG
FL-1177,FJ207,SUV,SYD,737 MAX,33,SUV-SYD
FL-1178,FJ792,NAN,SIN,A330,12,NAN-SIN
FL-1179,FJ246,NAN,AKL,737 MAX,25,NAN-AKL
FL-1180,FJ204,NAN,SIN,A330,37,NAN-SIN
FL-1181,FJ303,NAN,LAX,A350,12,NAN-LAX
FL-1182,FJ709,NAN,HKG,A330,30,NAN-HKG
FL-1183,FJ338,NAN,SIN,A330,13,NAN-SIN
FL-1184,FJ385,NAN,SIN,A330,9,NAN-SIN
FL-1185,FJ379,NAN,TBU,ATR-72,14,NAN-TBU
FL-1186,FJ587,NAN,SIN,A330,22,NAN-SIN
FL-1187,FJ623,NAN,TBU,ATR-72,25,NAN-TBU
FL-1188,FJ886,NAN,NRT,A330,8,NAN-NRT
FL-1189,FJ225,SUV,SYD,737 MAX,16,SUV-SYD
FL-1190,FJ609,NAN,NRT,A330,48,NAN-NRT
FL-1191,FJ237,NAN,SFO,A350,74,NAN-SFO
FL-1192,FJ855,NAN,SYD,A350,5,NAN-SYD
FL-1193,FJ127,NAN,SYD,A350,0,NAN-SYD
FL-1194,FJ434,NAN,LAX,A350,22,NAN-LAX
FL-1195,FJ736,NAN,LAX,A350,10,NAN-LAX
FL-1196,FJ878,NAN,TBU,ATR-72,0,NAN-TBU
FL-1197,FJ869,NAN,AKL,737 MAX,8,NAN-AKL
FL-1198,FJ911,NAN,VLI,ATR-72,32,NAN-VLI
FL-1199,FJ400,SUV,SYD,737 MAX,31,SUV-SYD
FL-1200,FJ616,SUV,SYD,737 MAX,13,SUV-SYD
FL-1201,FJ451,NAN,NRT,A330,12,NAN-NRT
FL-1202,FJ118,NAN,VLI,ATR-72,17,NAN-VLI
FL-1203,FJ221,NAN,SYD,A350,0,NAN-SYD
FL-1204,FJ422,NAN,SIN,A330,14,NAN-SIN
FL-1205,FJ133,NAN,SIN,A330,0,NAN-SIN
FL-1206,FJ775,NAN,LAX,A350,12,NAN-LAX
FL-1207,FJ268,NAN,NRT,A330,8,NAN-NRT
FL-1208,FJ832,SUV,SYD,737 MAX,22,SUV-SYD
FL-1209,FJ882,NAN,SIN,A330,20,NAN-SIN
FL-1210,FJ791,NAN,AKL,737 MAX,9,NAN-AKL
FL-1211,FJ667,SUV,SYD,737 MAX,0,SUV-SYD
FL-1212,FJ581,NAN,VLI,ATR-72,5,NAN-VLI
FL-1213,FJ974,SUV,SYD,737 MAX,20,SUV-SYD
FL-1214,FJ157,NAN,LAX,A350,0,NAN-LAX
FL-1215,FJ606,NAN,SIN,A330,0,NAN-SIN
FL-1216,FJ461,NAN,TBU,ATR-72,20,NAN-TBU
FL-1217,FJ162,NAN,NRT,A330,28,NAN-NRT
FL-1218,FJ146,NAN,SYD,A350,7,NAN-SYD
FL-1219,FJ859,NAN,LAX,A350,13,NAN-LAX
FL-1220,FJ740,NAN,TBU,ATR-72,58,NAN-TBU
FL-1221,FJ465,NAN,HKG,A330,162,NAN-HKG
FL-1222,FJ157,NAN,SIN,A330,7,NAN-SIN
FL-1223,FJ340,NAN,SFO,A350,33,NAN-SFO
FL-1224,FJ186,NAN,NRT,A330,18,NAN-NRT
FL-1225,FJ217,NAN,AKL,737 MAX,74,NAN-AKL
FL-1226,FJ120,NAN,HKG,A330,12,NAN-HKG
FL-1227,FJ138,NAN,VLI,ATR-72,29,NAN-VLI
FL-1228,FJ984,SUV,SYD,737 MAX,29,SUV-SYD
FL-1229,FJ627,NAN,SIN,A330,13,NAN-SIN
FL-1230,FJ120,NAN,SIN,A330,31,NAN-SIN
FL-1231,FJ122,SUV,SYD,737 MAX,6,SUV-SYD
FL-1232,FJ430,NAN,HKG,A330,0,NAN-HKG
FL-1233,FJ927,NAN,TBU,ATR-72,11,NAN-TBU
FL-1234,FJ807,SUV,SYD,737 MAX,57,SUV-SYD
FL-1235,FJ608,NAN,SFO,A350,13,NAN-SFO
FL-1236,FJ447,NAN,VLI,ATR-72,20,NAN-VLI
FL-1237,FJ406,NAN,LAX,A350,19,NAN-LAX
FL-1238,FJ750,NAN,HKG,A330,0,NAN-HKG
FL-1239,FJ319,NAN,AKL,737 MAX,9,NAN-AKL
FL-1240,FJ148,NAN,NRT,A330,24,NAN-NRT
FL-1241,FJ511,NAN,NRT,A330,71,NAN-NRT
FL-1242,FJ860,NAN,SFO,A350,0,NAN-SFO
FL-1243,FJ197,NAN,AKL,737 MAX,10,NAN-AKL
FL-1244,FJ379,NAN,TBU,ATR-72,0,NAN-TBU
FL-1245,FJ920,NAN,AKL,737 MAX,5,NAN-AKL
FL-1246,FJ537,NAN,VLI,ATR-72,9,NAN-VLI
FL-1247,FJ914,NAN,SFO,A350,15,NAN-SFO
FL-1248,FJ943,NAN,AKL,737 MAX,5,NAN-AKL
FL-1249,FJ923,NAN,NRT,A330,5,NAN-NRT
FL-1250,FJ420,NAN,NRT,A330,30,NAN-NRT
FL-1251,FJ739,NAN,SFO,A350,65,NAN-SFO
FL-1252,FJ787,NAN,VLI,ATR-72,7,NAN-VLI
FL-1253,FJ119,NAN,VLI,ATR-72,23,NAN-VLI
FL-1254,FJ690,NAN,VLI,ATR-72,5,NAN-VLI
FL-1255,FJ776,SUV,SYD,737 MAX,52,SUV-SYD
FL-1256,FJ753,SUV,SYD,737 MAX,22,SUV-SYD
FL-1257,FJ973,NAN,VLI,ATR-72,32,NAN-VLI
FL-1258,FJ844,NAN,SIN,A330,0,NAN-SIN
FL-1259,FJ305,NAN,SYD,A350,18,NAN-SYD
FL-1260,FJ251,NAN,HKG,A330,14,NAN-HKG
FL-1261,FJ864,NAN,SFO,A350,6,NAN-SFO
FL-1262,FJ980,NAN,NRT,A330,6,NAN-NRT
FL-1263,FJ308,NAN,AKL,737 MAX,17,NAN-AKL
FL-1264,FJ943,NAN,SIN,A330,24,NAN-SIN
FL-1265,FJ264,NAN,NRT,A330,0,NAN-NRT
FL-1266,FJ715,NAN,NRT,A330,16,NAN-NRT
FL-1267,FJ253,NAN,SFO,A350,0,NAN-SFO
FL-1268,FJ947,NAN,SFO,A350,0,NAN-SFO
FL-1269,FJ597,NAN,NRT,A330,19,NAN-NRT
FL-1270,FJ137,NAN,VLI,ATR-72,7,NAN-VLI
FL-1271,FJ379,NAN,SFO,A350,11,NAN-SFO
FL-1272,FJ922,NAN,LAX,A350,8,NAN-LAX
FL-1273,FJ663,NAN,NRT,A330,20,NAN-NRT
FL-1274,FJ972,NAN,LAX,A350,12,NAN-LAX
FL-1275,FJ901,NAN,SYD,A350,66,NAN-SYD
FL-1276,FJ185,NAN,SYD,A350,8,NAN-SYD
FL-1277,FJ405,NAN,HKG,A330,26,NAN-HKG
FL-1278,FJ787,NAN,AKL,737 MAX,5,NAN-AKL
FL-1279,FJ841,NAN,AKL,737 MAX,14,NAN-AKL
FL-1280,FJ214,NAN,LAX,A350,16,NAN-LAX
FL-1281,FJ223,NAN,TBU,ATR-72,7,NAN-TBU
FL-1282,FJ948,NAN,VLI,ATR-72,12,NAN-VLI
FL-1283,FJ357,NAN,TBU,ATR-72,6,NAN-TBU
FL-1284,FJ343,SUV,SYD,737 MAX,0,SUV-SYD
FL-1285,FJ891,NAN,TBU,ATR-72,0,NAN-TBU
FL-1286,FJ952,NAN,HKG,A330,24,NAN-HKG
FL-1287,FJ861,NAN,TBU,ATR-72,29,NAN-TBU
FL-1288,FJ209,NAN,SFO,A350,6,NAN-SFO
FL-1289,FJ381,NAN,LAX,A350,10,NAN-LAX
FL-1290,FJ703,SUV,SYD,737 MAX,0,SUV-SYD
FL-1291,FJ646,NAN,SYD,A350,5,NAN-SYD
FL-1292,FJ215,NAN,HKG,A330,30,NAN-HKG
FL-1293,FJ533,NAN,HKG,A330,18,NAN-HKG
FL-1294,FJ352,SUV,SYD,737 MAX,0,SUV-SYD
FL-1295,FJ471,NAN,NRT,A330,5,NAN-NRT
FL-1296,FJ121,SUV,SYD,737 MAX,33,SUV-SYD
FL-1297,FJ778,NAN,TBU,ATR-72,0,NAN-TBU
FL-1298,FJ907,NAN,SYD,A350,8,NAN-SYD
FL-1299,FJ665,NAN,SFO,A350,21,NAN-SFO
FL-1300,FJ754,NAN,SIN,A330,16,NAN-SIN
FL-1301,FJ224,NAN,HKG,A330,12,NAN-HKG
FL-1302,FJ978,NAN,VLI,ATR-72,45,NAN-VLI
FL-1303,FJ361,SUV,SYD,737 MAX,110,SUV-SYD
FL-1304,FJ942,NAN,NRT,A330,27,NAN-NRT
FL-1305,FJ315,NAN,SFO,A350,0,NAN-SFO
FL-1306,FJ931,NAN,LAX,A350,19,NAN-LAX
FL-1307,FJ182,NAN,SIN,A330,40,NAN-SIN
FL-1308,FJ854,SUV,SYD,737 MAX,12,SUV-SYD
FL-1309,FJ834,NAN,SIN,A330,25,NAN-SIN
FL-1310,FJ944,NAN,SIN,A330,34,NAN-SIN
FL-1311,FJ367,NAN,LAX,A350,0,NAN-LAX
FL-1312,FJ716,NAN,VLI,ATR-72,24,NAN-VLI
FL-1313,FJ564,NAN,VLI,ATR-72,50,NAN-VLI
FL-1314,FJ288,NAN,SYD,A350,17,NAN-SYD
FL-1315,FJ239,SUV,SYD,737 MAX,0,SUV-SYD
FL-1316,FJ412,NAN,SYD,A350,0,NAN-SYD
FL-1317,FJ184,NAN,HKG,A330,6,NAN-HKG
FL-1318,FJ355,NAN,AKL,737 MAX,0,NAN-AKL
FL-1319,FJ886,NAN,VLI,ATR-72,14,NAN-VLI
FL-1320,FJ802,NAN,LAX,A350,0,NAN-LAX
FL-1321,FJ562,NAN,SIN,A330,5,NAN-SIN
FL-1322,FJ366,SUV,SYD,737 MAX,11,SUV-SYD
FL-1323,FJ707,NAN,LAX,A350,12,NAN-LAX
FL-1324,FJ303,NAN,HKG,A330,16,NAN-HKG
FL-1325,FJ502,NAN,AKL,737 MAX,24,NAN-AKL
FL-1326,FJ329,NAN,SIN,A330,0,NAN-SIN
FL-1327,FJ762,NAN,SYD,A350,0,NAN-SYD
FL-1328,FJ334,NAN,TBU,ATR-72,0,NAN-TBU
FL-1329,FJ303,NAN,AKL,737 MAX,11,NAN-AKL
FL-1330,FJ972,NAN,NRT,A330,0,NAN-NRT
FL-1331,FJ539,NAN,LAX,A350,27,NAN-LAX
FL-1332,FJ252,NAN,TBU,ATR-72,5,NAN-TBU
FL-1333,FJ680,NAN,AKL,737 MAX,56,NAN-AKL
FL-1334,FJ545,NAN,AKL,737 MAX,13,NAN-AKL
FL-1335,FJ606,SUV,SYD,737 MAX,11,SUV-SYD
FL-1336,FJ830,NAN,AKL,737 MAX,30,NAN-AKL
FL-1337,FJ982,NAN,SFO,A350,24,NAN-SFO
FL-1338,FJ864,NAN,NRT,A330,18,NAN-NRT
FL-1339,FJ976,SUV,SYD,737 MAX,54,SUV-SYD
FL-1340,FJ320,NAN,SFO,A350,10,NAN-SFO
FL-1341,FJ293,NAN,NRT,A330,33,NAN-NRT
FL-1342,FJ518,NAN,SIN,A330,9,NAN-SIN
FL-1343,FJ368,NAN,LAX,A350,36,NAN-LAX
FL-1344,FJ561,NAN,SFO,A350,6,NAN-SFO
FL-1345,FJ762,NAN,SFO,A350,6,NAN-SFO
FL-1346,FJ992,SUV,SYD,737 MAX,99,SUV-SYD
FL-1347,FJ507,NAN,HKG,A330,0,NAN-HKG
FL-1348,FJ492,NAN,SFO,A350,5,NAN-SFO
FL-1349,FJ362,NAN,SIN,A330,7,NAN-SIN
FL-1350,FJ670,NAN,AKL,737 MAX,22,NAN-AKL
FL-1351,FJ340,NAN,SYD,A350,44,NAN-SYD
FL-1352,FJ720,SUV,SYD,737 MAX,22,SUV-SYD
FL-1353,FJ866,NAN,TBU,ATR-72,35,NAN-TBU
FL-1354,FJ734,NAN,SYD,A350,15,NAN-SYD
FL-1355,FJ504,NAN,SIN,A330,0,NAN-SIN
FL-1356,FJ672,NAN,HKG,A330,0,NAN-HKG
FL-1357,FJ283,NAN,SYD,A350,16,NAN-SYD
FL-1358,FJ615,NAN,NRT,A330,7,NAN-NRT
FL-1359,FJ998,SUV,SYD,737 MAX,0,SUV-SYD
FL-1360,FJ191,SUV,SYD,737 MAX,12,SUV-SYD
FL-1361,FJ643,NAN,HKG,A330,21,NAN-HKG
FL-1362,FJ366,NAN,SIN,A330,9,NAN-SIN
FL-1363,FJ145,NAN,AKL,737 MAX,32,NAN-AKL
FL-1364,FJ992,NAN,LAX,A350,26,NAN-LAX
FL-1365,FJ389,NAN,NRT,A330,26,NAN-NRT
FL-1366,FJ949,NAN,NRT,A330,84,NAN-NRT
FL-1367,FJ420,NAN,NRT,A330,6,NAN-NRT
FL-1368,FJ423,NAN,SIN,A330,20,NAN-SIN
FL-1369,FJ669,SUV,SYD,737 MAX,38,SUV-SYD
FL-1370,FJ155,SUV,SYD,737 MAX,17,SUV-SYD
FL-1371,FJ136,NAN,SFO,A350,31,NAN-SFO
FL-1372,FJ267,SUV,SYD,737 MAX,10,SUV-SYD
FL-1373,FJ606,SUV,SYD,737 MAX,17,SUV-SYD
FL-1374,FJ826,NAN,SYD,A350,0,NAN-SYD
FL-1375,FJ568,NAN,VLI,ATR-72,85,NAN-VLI
FL-1376,FJ966,SUV,SYD,737 MAX,32,SUV-SYD
FL-1377,FJ457,NAN,LAX,A350,40,NAN-LAX
FL-1378,FJ989,NAN,AKL,737 MAX,23,NAN-AKL
FL-1379,FJ954,NAN,NRT,A330,0,NAN-NRT
FL-1380,FJ942,NAN,LAX,A350,0,NAN-LAX
FL-1381,FJ779,NAN,NRT,A330,39,NAN-NRT
FL-1382,FJ697,NAN,TBU,ATR-72,10,NAN-TBU
FL-1383,FJ885,NAN,SYD,A350,6,NAN-SYD
FL-1384,FJ526,NAN,TBU,ATR-72,16,NAN-TBU
FL-1385,FJ886,NAN,AKL,737 MAX,10,NAN-AKL
FL-1386,FJ196,SUV,SYD,737 MAX,21,SUV-SYD
FL-1387,FJ796,NAN,HKG,A330,13,NAN-HKG
FL-1388,FJ208,NAN,AKL,737 MAX,23,NAN-AKL
FL-1389,FJ129,NAN,HKG,A330,38,NAN-HKG
FL-1390,FJ950,NAN,AKL,737 MAX,0,NAN-AKL
FL-1391,FJ743,SUV,SYD,737 MAX,7,SUV-SYD
FL-1392,FJ773,NAN,NRT,A330,11,NAN-NRT
FL-1393,FJ144,NAN,SYD,A350,65,NAN-SYD
FL-1394,FJ432,NAN,TBU,ATR-72,9,NAN-TBU
FL-1395,FJ316,NAN,TBU,ATR-72,9,NAN-TBU
FL-1396,FJ389,NAN,SYD,A350,21,NAN-SYD
FL-1397,FJ660,NAN,HKG,A330,10,NAN-HKG
FL-1398,FJ282,NAN,TBU,ATR-72,152,NAN-TBU
FL-1399,FJ313,NAN,SFO,A350,213,NAN-SFO
FL-1400,FJ391,NAN,LAX,A350,14,NAN-LAX
FL-1401,FJ405,NAN,LAX,A350,20,NAN-LAX
FL-1402,FJ417,SUV,SYD,737 MAX,0,SUV-SYD
FL-1403,FJ467,NAN,TBU,ATR-72,23,NAN-TBU
FL-1404,FJ601,NAN,AKL,737 MAX,24,NAN-AKL
FL-1405,FJ676,SUV,SYD,737 MAX,8,SUV-SYD
FL-1406,FJ930,NAN,TBU,ATR-72,114,NAN-TBU
FL-1407,FJ290,NAN,HKG,A330,49,NAN-HKG
FL-1408,FJ536,NAN,SIN,A330,11,NAN-SIN
FL-1409,FJ574,NAN,AKL,737 MAX,21,NAN-AKL
FL-1410,FJ802,NAN,SFO,A350,0,NAN-SFO
FL-1411,FJ639,NAN,LAX,A350,10,NAN-LAX
FL-1412,FJ547,NAN,VLI,ATR-72,33,NAN-VLI
FL-1413,FJ407,NAN,AKL,737 MAX,9,NAN-AKL
FL-1414,FJ800,NAN,LAX,A350,18,NAN-LAX
FL-1415,FJ635,NAN,NRT,A330,0,NAN-NRT
FL-1416,FJ682,NAN,SIN,A330,10,NAN-SIN
FL-1417,FJ178,NAN,SYD,A350,52,NAN-SYD
FL-1418,FJ210,NAN,SYD,A350,16,NAN-SYD
FL-1419,FJ575,NAN,VLI,ATR-72,46,NAN-VLI
FL-1420,FJ463,NAN,TBU,ATR-72,46,NAN-TBU
FL-1421,FJ183,NAN,NRT,A330,57,NAN-NRT
FL-1422,FJ777,NAN,VLI,ATR-72,45,NAN-VLI
FL-1423,FJ905,SUV,SYD,737 MAX,0,SUV-SYD
FL-1424,FJ997,NAN,LAX,A350,167,NAN-LAX
FL-1425,FJ701,NAN,NRT,A330,0,NAN-NRT
FL-1426,FJ560,SUV,SYD,737 MAX,0,SUV-SYD
FL-1427,FJ449,NAN,TBU,ATR-72,0,NAN-TBU
FL-1428,FJ289,NAN,LAX,A350,8,NAN-LAX
FL-1429,FJ365,NAN,AKL,737 MAX,19,NAN-AKL
FL-1430,FJ105,NAN,AKL,737 MAX,10,NAN-AKL
FL-1431,FJ113,NAN,SIN,A330,0,NAN-SIN
FL-1432,FJ588,NAN,LAX,A350,12,NAN-LAX
FL-1433,FJ514,SUV,SYD,737 MAX,11,SUV-SYD
FL-1434,FJ410,NAN,TBU,ATR-72,28,NAN-TBU
FL-1435,FJ469,NAN,TBU,ATR-72,6,NAN-TBU
FL-1436,FJ189,NAN,SIN,A330,0,NAN-SIN
FL-1437,FJ114,NAN,LAX,A350,5,NAN-LAX
FL-1438,FJ935,NAN,SFO,A350,7,NAN-SFO
FL-1439,FJ292,NAN,SYD,A350,18,NAN-SYD
FL-1440,FJ592,NAN,SYD,A350,12,NAN-SYD
FL-1441,FJ347,NAN,LAX,A350,8,NAN-LAX
FL-1442,FJ978,NAN,SIN,A330,9,NAN-SIN
FL-1443,FJ188,NAN,VLI,ATR-72,9,NAN-VLI
FL-1444,FJ251,NAN,NRT,A330,71,NAN-NRT
FL-1445,FJ256,SUV,SYD,737 MAX,86,SUV-SYD
FL-1446,FJ582,SUV,SYD,737 MAX,34,SUV-SYD
FL-1447,FJ699,NAN,SYD,A350,24,NAN-SYD
FL-1448,FJ401,NAN,SFO,A350,0,NAN-SFO
FL-1449,FJ205,NAN,TBU,ATR-72,160,NAN-TBU
FL-1450,FJ854,NAN,SIN,A330,28,NAN-SIN
FL-1451,FJ848,NAN,TBU,ATR-72,22,NAN-TBU
FL-1452,FJ137,NAN,VLI,ATR-72,10,NAN-VLI
FL-1453,FJ705,SUV,SYD,737 MAX,16,SUV-SYD
FL-1454,FJ936,NAN,TBU,ATR-72,5,NAN-TBU
FL-1455,FJ831,SUV,SYD,737 MAX,0,SUV-SYD
FL-1456,FJ119,NAN,SYD,A350,36,NAN-SYD
FL-1457,FJ423,NAN,SIN,A330,45,NAN-SIN
FL-1458,FJ763,NAN,VLI,ATR-72,0,NAN-VLI
FL-1459,FJ219,NAN,SIN,A330,30,NAN-SIN
FL-1460,FJ761,SUV,SYD,737 MAX,27,SUV-SYD
FL-1461,FJ814,NAN,HKG,A330,0,NAN-HKG
FL-1462,FJ843,NAN,SIN,A330,10,NAN-SIN
FL-1463,FJ452,NAN,SFO,A350,10,NAN-SFO
FL-1464,FJ619,SUV,SYD,737 MAX,28,SUV-SYD
FL-1465,FJ801,NAN,SFO,A350,36,NAN-SFO
FL-1466,FJ973,NAN,HKG,A330,0,NAN-HKG
FL-1467,FJ400,SUV,SYD,737 MAX,16,SUV-SYD
FL-1468,FJ789,NAN,SIN,A330,28,NAN-SIN
FL-1469,FJ918,NAN,HKG,A330,30,NAN-HKG
FL-1470,FJ312,NAN,LAX,A350,0,NAN-LAX
FL-1471,FJ867,NAN,NRT,A330,14,NAN-NRT
FL-1472,FJ594,NAN,AKL,737 MAX,38,NAN-AKL
FL-1473,FJ304,NAN,LAX,A350,7,NAN-LAX
FL-1474,FJ603,NAN,LAX,A350,11,NAN-LAX
FL-1475,FJ605,NAN,AKL,737 MAX,32,NAN-AKL
FL-1476,FJ314,NAN,NRT,A330,0,NAN-NRT
FL-1477,FJ467,NAN,VLI,ATR-72,39,NAN-VLI
FL-1478,FJ278,NAN,NRT,A330,7,NAN-NRT
FL-1479,FJ445,NAN,VLI,ATR-72,0,NAN-VLI
FL-1480,FJ732,NAN,SIN,A330,5,NAN-SIN
FL-1481,FJ675,NAN,SFO,A350,0,NAN-SFO
FL-1482,FJ364,NAN,SFO,A350,0,NAN-SFO
FL-1483,FJ887,NAN,HKG,A330,23,NAN-HKG
FL-1484,FJ373,NAN,SYD,A350,0,NAN-SYD
FL-1485,FJ994,NAN,LAX,A350,54,NAN-LAX
FL-1486,FJ785,NAN,VLI,ATR-72,14,NAN-VLI
FL-1487,FJ151,NAN,AKL,737 MAX,12,NAN-AKL
FL-1488,FJ961,SUV,SYD,737 MAX,11,SUV-SYD
FL-1489,FJ900,NAN,AKL,737 MAX,23,NAN-AKL
FL-1490,FJ900,NAN,TBU,ATR-72,12,NAN-TBU
FL-1491,FJ142,NAN,AKL,737 MAX,0,NAN-AKL
FL-1492,FJ271,NAN,VLI,ATR-72,42,NAN-VLI
FL-1493,FJ470,NAN,AKL,737 MAX,11,NAN-AKL
FL-1494,FJ825,NAN,LAX,A350,0,NAN-LAX
FL-1495,FJ610,SUV,SYD,737 MAX,15,SUV-SYD
FL-1496,FJ762,NAN,AKL,737 MAX,20,NAN-AKL
FL-1497,FJ938,NAN,HKG,A330,6,NAN-HKG
FL-1498,FJ968,NAN,LAX,A350,32,NAN-LAX
FL-1499,FJ887,NAN,SFO,A350,22,NAN-SFO
FL-1500,FJ954,NAN,SYD,A350,21,NAN-SYD
FL-1501,FJ393,SUV,SYD,737 MAX,10,SUV-SYD
FL-1502,FJ187,NAN,VLI,ATR-72,65,NAN-VLI
FL-1503,FJ524,NAN,NRT,A330,6,NAN-NRT
FL-1504,FJ780,NAN,HKG,A330,17,NAN-HKG
FL-1505,FJ871,NAN,SFO,A350,7,NAN-SFO
FL-1506,FJ241,NAN,VLI,ATR-72,27,NAN-VLI
FL-1507,FJ569,NAN,SIN,A330,0,NAN-SIN
FL-1508,FJ470,NAN,VLI,ATR-72,0,NAN-VLI
FL-1509,FJ110,NAN,SYD,A350,33,NAN-SYD
FL-1510,FJ511,NAN,VLI,ATR-72,111,NAN-VLI
FL-1511,FJ137,NAN,LAX,A350,165,NAN-LAX
FL-1512,FJ159,NAN,LAX,A350,18,NAN-LAX
FL-1513,FJ529,NAN,VLI,ATR-72,24,NAN-VLI
FL-1514,FJ817,NAN,SIN,A330,0,NAN-SIN
FL-1515,FJ838,NAN,VLI,ATR-72,0,NAN-VLI
FL-1516,FJ108,NAN,HKG,A330,63,NAN-HKG
FL-1517,FJ725,NAN,NRT,A330,17,NAN-NRT
FL-1518,FJ513,NAN,LAX,A350,9,NAN-LAX
FL-1519,FJ310,SUV,SYD,737 MAX,32,SUV-SYD
FL-1520,FJ907,NAN,VLI,ATR-72,14,NAN-VLI
FL-1521,FJ552,NAN,TBU,ATR-72,5,NAN-TBU
FL-1522,FJ514,NAN,HKG,A330,0,NAN-HKG
FL-1523,FJ186,NAN,SFO,A350,10,NAN-SFO
FL-1524,FJ442,NAN,SYD,A350,39,NAN-SYD
FL-1525,FJ632,NAN,SIN,A330,0,NAN-SIN
FL-1526,FJ318,NAN,VLI,ATR-72,0,NAN-VLI
FL-1527,FJ665,NAN,AKL,737 MAX,44,NAN-AKL
FL-1528,FJ448,NAN,NRT,A330,0,NAN-NRT
FL-1529,FJ652,NAN,LAX,A350,180,NAN-LAX
FL-1530,FJ347,NAN,TBU,ATR-72,0,NAN-TBU
FL-1531,FJ213,NAN,NRT,A330,18,NAN-NRT
FL-1532,FJ619,NAN,SYD,A350,9,NAN-SYD
FL-1533,FJ148,NAN,HKG,A330,0,NAN-HKG
FL-1534,FJ405,NAN,AKL,737 MAX,17,NAN-AKL
FL-1535,FJ341,NAN,TBU,ATR-72,22,NAN-TBU
FL-1536,FJ831,NAN,TBU,ATR-72,22,NAN-TBU
FL-1537,FJ339,NAN,VLI,ATR-72,20,NAN-VLI
FL-1538,FJ391,NAN,HKG,A330,13,NAN-HKG
FL-1539,FJ243,NAN,TBU,ATR-72,14,NAN-TBU
FL-1540,FJ855,NAN,SIN,A330,20,NAN-SIN
FL-1541,FJ435,NAN,SFO,A350,23,NAN-SFO
FL-1542,FJ297,NAN,VLI,ATR-72,21,NAN-VLI
FL-1543,FJ200,NAN,HKG,A330,17,NAN-HKG
FL-1544,FJ535,NAN,LAX,A350,0,NAN-LAX
FL-1545,FJ233,NAN,SIN,A330,114,NAN-SIN
FL-1546,FJ556,SUV,SYD,737 MAX,6,SUV-SYD
FL-1547,FJ512,NAN,AKL,737 MAX,50,NAN-AKL
FL-1548,FJ631,NAN,TBU,ATR-72,28,NAN-TBU
FL-1549,FJ698,NAN,SIN,A330,16,NAN-SIN
FL-1550,FJ533,SUV,SYD,737 MAX,5,SUV-SYD
FL-1551,FJ601,SUV,SYD,737 MAX,0,SUV-SYD
FL-1552,FJ247,NAN,SIN,A330,45,NAN-SIN
FL-1553,FJ596,NAN,VLI,ATR-72,44,NAN-VLI
FL-1554,FJ821,SUV,SYD,737 MAX,0,SUV-SYD
FL-1555,FJ220,NAN,VLI,ATR-72,31,NAN-VLI
FL-1556,FJ584,NAN,SFO,A350,11,NAN-SFO
FL-1557,FJ672,NAN,SYD,A350,7,NAN-SYD
FL-1558,FJ716,NAN,HKG,A330,26,NAN-HKG
FL-1559,FJ223,NAN,SIN,A330,19,NAN-SIN
FL-1560,FJ396,NAN,HKG,A330,30,NAN-HKG
FL-1561,FJ256,NAN,SYD,A350,0,NAN-SYD
FL-1562,FJ483,NAN,AKL,737 MAX,7,NAN-AKL
FL-1563,FJ597,NAN,NRT,A330,7,NAN-NRT
FL-1564,FJ245,NAN,SYD,A350,8,NAN-SYD
FL-1565,FJ412,NAN,TBU,ATR-72,187,NAN-TBU
FL-1566,FJ287,NAN,NRT,A330,6,NAN-NRT
FL-1567,FJ457,SUV,SYD,737 MAX,11,SUV-SYD
FL-1568,FJ686,NAN,AKL,737 MAX,9,NAN-AKL
FL-1569,FJ563,NAN,NRT,A330,26,NAN-NRT
FL-1570,FJ837,NAN,HKG,A330,18,NAN-HKG
FL-1571,FJ880,NAN,TBU,ATR-72,21,NAN-TBU
FL-1572,FJ751,NAN,LAX,A350,0,NAN-LAX
FL-1573,FJ783,SUV,SYD,737 MAX,7,SUV-SYD
FL-1574,FJ987,SUV,SYD,737 MAX,0,SUV-SYD
FL-1575,FJ919,NAN,HKG,A330,0,NAN-HKG
FL-1576,FJ738,NAN,TBU,ATR-72,6,NAN-TBU
FL-1577,FJ504,NAN,SIN,A330,0,NAN-SIN
FL-1578,FJ146,NAN,HKG,A330,18,NAN-HKG
FL-1579,FJ761,SUV,SYD,737 MAX,125,SUV-SYD
FL-1580,FJ824,NAN,AKL,737 MAX,0,NAN-AKL
FL-1581,FJ745,NAN,SYD,A350,34,NAN-SYD
FL-1582,FJ760,NAN,NRT,A330,0,NAN-NRT
FL-1583,FJ672,NAN,AKL,737 MAX,22,NAN-AKL
FL-1584,FJ733,NAN,AKL,737 MAX,20,NAN-AKL
FL-1585,FJ875,NAN,VLI,ATR-72,46,NAN-VLI
FL-1586,FJ634,NAN,SYD,A350,0,NAN-SYD
FL-1587,FJ614,NAN,SFO,A350,7,NAN-SFO
FL-1588,FJ774,NAN,SYD,A350,0,NAN-SYD
FL-1589,FJ119,NAN,VLI,ATR-72,10,NAN-VLI
FL-1590,FJ351,NAN,NRT,A330,48,NAN-NRT
FL-1591,FJ721,NAN,TBU,ATR-72,158,NAN-TBU
FL-1592,FJ603,NAN,HKG,A330,25,NAN-HKG
FL-1593,FJ547,NAN,SYD,A350,15,NAN-SYD
FL-1594,FJ424,NAN,LAX,A350,169,NAN-LAX
FL-1595,FJ193,NAN,SIN,A330,11,NAN-SIN
FL-1596,FJ654,NAN,AKL,737 MAX,0,NAN-AKL
FL-1597,FJ247,NAN,LAX,A350,36,NAN-LAX
FL-1598,FJ886,NAN,LAX,A350,6,NAN-LAX
FL-1599,FJ414,NAN,AKL,737 MAX,0,NAN-AKL
FL-1600,FJ273,NAN,SIN,A330,0,NAN-SIN
FL-1601,FJ433,NAN,SYD,A350,18,NAN-SYD
FL-1602,FJ405,NAN,LAX,A350,18,NAN-LAX
FL-1603,FJ427,NAN,SIN,A330,6,NAN-SIN
FL-1604,FJ364,NAN,LAX,A350,25,NAN-LAX
FL-1605,FJ153,NAN,SIN,A330,29,NAN-SIN
FL-1606,FJ870,NAN,SFO,A350,50,NAN-SFO
FL-1607,FJ342,NAN,TBU,ATR-72,17,NAN-TBU
FL-1608,FJ870,SUV,SYD,737 MAX,30,SUV-SYD
FL-1609,FJ375,NAN,VLI,ATR-72,27,NAN-VLI
FL-1610,FJ575,NAN,SYD,A350,5,NAN-SYD
FL-1611,FJ517,NAN,VLI,ATR-72,70,NAN-VLI
FL-1612,FJ700,NAN,SFO,A350,13,NAN-SFO
FL-1613,FJ881,NAN,AKL,737 MAX,0,NAN-AKL
FL-1614,FJ904,NAN,VLI,ATR-72,7,NAN-VLI
FL-1615,FJ681,NAN,LAX,A350,12,NAN-LAX
FL-1616,FJ185,NAN,SIN,A330,0,NAN-SIN
FL-1617,FJ901,NAN,VLI,ATR-72,0,NAN-VLI
FL-1618,FJ272,NAN,LAX,A350,12,NAN-LAX
FL-1619,FJ533,NAN,SFO,A350,26,NAN-SFO
FL-1620,FJ142,NAN,VLI,ATR-72,35,NAN-VLI
FL-1621,FJ949,NAN,SYD,A350,15,NAN-SYD
FL-1622,FJ768,NAN,TBU,ATR-72,12,NAN-TBU
FL-1623,FJ593,NAN,LAX,A350,186,NAN-LAX
FL-1624,FJ356,NAN,NRT,A330,0,NAN-NRT
FL-1625,FJ962,NAN,SIN,A330,0,NAN-SIN
FL-1626,FJ960,NAN,SFO,A350,31,NAN-SFO
FL-1627,FJ146,NAN,VLI,ATR-72,12,NAN-VLI
FL-1628,FJ676,NAN,LAX,A350,31,NAN-LAX
FL-1629,FJ191,NAN,AKL,737 MAX,24,NAN-AKL
FL-1630,FJ225,NAN,SIN,A330,0,NAN-SIN
FL-1631,FJ386,NAN,LAX,A350,14,NAN-LAX
FL-1632,FJ725,NAN,SIN,A330,11,NAN-SIN
FL-1633,FJ798,NAN,VLI,ATR-72,11,NAN-VLI
FL-1634,FJ367,NAN,HKG,A330,15,NAN-HKG
FL-1635,FJ351,SUV,SYD,737 MAX,80,SUV-SYD
FL-1636,FJ315,NAN,HKG,A330,33,NAN-HKG
FL-1637,FJ436,SUV,SYD,737 MAX,46,SUV-SYD
FL-1638,FJ236,NAN,SYD,A350,0,NAN-SYD
FL-1639,FJ587,NAN,SYD,A350,0,NAN-SYD
FL-1640,FJ523,NAN,SYD,A350,0,NAN-SYD
FL-1641,FJ820,NAN,VLI,ATR-72,6,NAN-VLI
FL-1642,FJ906,SUV,SYD,737 MAX,11,SUV-SYD
FL-1643,FJ131,NAN,AKL,737 MAX,20,NAN-AKL
FL-1644,FJ226,SUV,SYD,737 MAX,13,SUV-SYD
FL-1645,FJ466,NAN,HKG,A330,46,NAN-HKG
FL-1646,FJ959,NAN,SIN,A330,56,NAN-SIN
FL-1647,FJ573,NAN,SYD,A350,0,NAN-SYD
FL-1648,FJ555,NAN,HKG,A330,38,NAN-HKG
FL-1649,FJ860,NAN,SYD,A350,13,NAN-SYD
FL-1650,FJ796,NAN,SYD,A350,12,NAN-SYD
FL-1651,FJ192,NAN,HKG,A330,30,NAN-HKG
FL-1652,FJ410,NAN,TBU,ATR-72,0,NAN-TBU
FL-1653,FJ605,NAN,SFO,A350,42,NAN-SFO
FL-1654,FJ820,NAN,HKG,A330,22,NAN-HKG
FL-1655,FJ107,NAN,TBU,ATR-72,41,NAN-TBU
FL-1656,FJ505,NAN,SFO,A350,103,NAN-SFO
FL-1657,FJ682,NAN,AKL,737 MAX,14,NAN-AKL
FL-1658,FJ274,NAN,VLI,ATR-72,0,NAN-VLI
FL-1659,FJ775,NAN,VLI,ATR-72,0,NAN-VLI
FL-1660,FJ798,NAN,TBU,ATR-72,7,NAN-TBU
FL-1661,FJ279,NAN,TBU,ATR-72,0,NAN-TBU
FL-1662,FJ231,NAN,AKL,737 MAX,33,NAN-AKL
FL-1663,FJ365,NAN,AKL,737 MAX,7,NAN-AKL
FL-1664,FJ635,NAN,TBU,ATR-72,74,NAN-TBU
FL-1665,FJ968,NAN,NRT,A330,24,NAN-NRT
FL-1666,FJ794,NAN,SYD,A350,0,NAN-SYD
FL-1667,FJ358,NAN,VLI,ATR-72,12,NAN-VLI
FL-1668,FJ102,NAN,VLI,ATR-72,12,NAN-VLI
FL-1669,FJ789,NAN,SIN,A330,13,NAN-SIN
FL-1670,FJ542,NAN,SYD,A350,15,NAN-SYD
FL-1671,FJ224,NAN,SIN,A330,0,NAN-SIN
FL-1672,FJ607,NAN,VLI,ATR-72,23,NAN-VLI
FL-1673,FJ877,NAN,HKG,A330,13,NAN-HKG
FL-1674,FJ148,NAN,SYD,A350,31,NAN-SYD
FL-1675,FJ423,NAN,NRT,A330,33,NAN-NRT
FL-1676,FJ183,NAN,SYD,A350,5,NAN-SYD
FL-1677,FJ331,NAN,TBU,ATR-72,0,NAN-TBU
FL-1678,FJ301,NAN,SIN,A330,24,NAN-SIN
FL-1679,FJ418,NAN,LAX,A350,76,NAN-LAX
FL-1680,FJ740,NAN,AKL,737 MAX,11,NAN-AKL
FL-1681,FJ927,NAN,AKL,737 MAX,6,NAN-AKL
FL-1682,FJ916,NAN,SYD,A350,0,NAN-SYD
FL-1683,FJ353,NAN,HKG,A330,6,NAN-HKG
FL-1684,FJ344,NAN,AKL,737 MAX,7,NAN-AKL
FL-1685,FJ632,NAN,HKG,A330,11,NAN-HKG
FL-1686,FJ734,NAN,SFO,A350,21,NAN-SFO
FL-1687,FJ740,SUV,SYD,737 MAX,6,SUV-SYD
FL-1688,FJ227,SUV,SYD,737 MAX,0,SUV-SYD
FL-1689,FJ486,NAN,AKL,737 MAX,9,NAN-AKL
FL-1690,FJ166,NAN,HKG,A330,38,NAN-HKG
FL-1691,FJ552,NAN,LAX,A350,13,NAN-LAX
FL-1692,FJ725,NAN,SYD,A350,66,NAN-SYD
FL-1693,FJ157,NAN,SIN,A330,14,NAN-SIN
FL-1694,FJ490,NAN,VLI,ATR-72,6,NAN-VLI
FL-1695,FJ732,NAN,SIN,A330,0,NAN-SIN
FL-1696,FJ985,NAN,SIN,A330,23,NAN-SIN
FL-1697,FJ738,NAN,TBU,ATR-72,15,NAN-TBU
FL-1698,FJ493,NAN,SYD,A350,18,NAN-SYD
FL-1699,FJ734,SUV,SYD,737 MAX,28,SUV-SYD
FL-1700,FJ766,NAN,AKL,737 MAX,25,NAN-AKL
FL-1701,FJ629,NAN,SYD,A350,0,NAN-SYD
FL-1702,FJ297,NAN,HKG,A330,32,NAN-HKG
FL-1703,FJ112,NAN,AKL,737 MAX,15,NAN-AKL
FL-1704,FJ169,NAN,TBU,ATR-72,9,NAN-TBU
FL-1705,FJ686,NAN,TBU,ATR-72,15,NAN-TBU
FL-1706,FJ621,NAN,LAX,A350,18,NAN-LAX
FL-1707,FJ531,NAN,NRT,A330,0,NAN-NRT
FL-1708,FJ555,SUV,SYD,737 MAX,10,SUV-SYD
FL-1709,FJ240,NAN,LAX,A350,8,NAN-LAX
FL-1710,FJ698,NAN,SYD,A350,8,NAN-SYD
FL-1711,FJ767,NAN,SIN,A330,0,NAN-SIN
FL-1712,FJ697,NAN,HKG,A330,0,NAN-HKG
FL-1713,FJ250,NAN,VLI,ATR-72,0,NAN-VLI
FL-1714,FJ717,SUV,SYD,737 MAX,9,SUV-SYD
FL-1715,FJ477,NAN,HKG,A330,44,NAN-HKG
FL-1716,FJ700,NAN,SYD,A350,0,NAN-SYD
FL-1717,FJ938,NAN,LAX,A350,10,NAN-LAX
FL-1718,FJ300,NAN,VLI,ATR-72,7,NAN-VLI
FL-1719,FJ306,NAN,SFO,A350,30,NAN-SFO
FL-1720,FJ293,NAN,AKL,737 MAX,0,NAN-AKL
FL-1721,FJ808,SUV,SYD,737 MAX,0,SUV-SYD
FL-1722,FJ809,SUV,SYD,737 MAX,0,SUV-SYD
FL-1723,FJ679,NAN,HKG,A330,99,NAN-HKG
FL-1724,FJ406,NAN,HKG,A330,16,NAN-HKG
FL-1725,FJ266,NAN,SIN,A330,0,NAN-SIN
FL-1726,FJ997,NAN,AKL,737 MAX,6,NAN-AKL
FL-1727,FJ324,NAN,SYD,A350,0,NAN-SYD
FL-1728,FJ328,NAN,SYD,A350,0,NAN-SYD
FL-1729,FJ738,NAN,SFO,A350,31,NAN-SFO
FL-1730,FJ592,NAN,SFO,A350,13,NAN-SFO
FL-1731,FJ288,NAN,HKG,A330,19,NAN-HKG
FL-1732,FJ130,NAN,SYD,A350,113,NAN-SYD
FL-1733,FJ245,NAN,VLI,ATR-72,16,NAN-VLI
FL-1734,FJ699,NAN,NRT,A330,5,NAN-NRT
FL-1735,FJ303,NAN,HKG,A330,7,NAN-HKG
FL-1736,FJ278,NAN,SFO,A350,21,NAN-SFO
FL-1737,FJ836,NAN,SFO,A350,0,NAN-SFO
FL-1738,FJ967,NAN,LAX,A350,19,NAN-LAX
FL-1739,FJ282,NAN,VLI,ATR-72,38,NAN-VLI
FL-1740,FJ368,NAN,SFO,A350,0,NAN-SFO
FL-1741,FJ240,NAN,AKL,737 MAX,45,NAN-AKL
FL-1742,FJ906,NAN,SIN,A330,0,NAN-SIN
FL-1743,FJ315,NAN,AKL,737 MAX,8,NAN-AKL
FL-1744,FJ345,NAN,NRT,A330,18,NAN-NRT
FL-1745,FJ639,NAN,HKG,A330,16,NAN-HKG
FL-1746,FJ166,NAN,TBU,ATR-72,0,NAN-TBU
FL-1747,FJ233,NAN,AKL,737 MAX,32,NAN-AKL
FL-1748,FJ645,NAN,SFO,A350,72,NAN-SFO
FL-1749,FJ483,NAN,SIN,A330,0,NAN-SIN
FL-1750,FJ539,NAN,HKG,A330,45,NAN-HKG
FL-1751,FJ701,NAN,SFO,A350,16,NAN-SFO
FL-1752,FJ401,NAN,SFO,A350,54,NAN-SFO
FL-1753,FJ353,NAN,LAX,A350,0,NAN-LAX
FL-1754,FJ914,NAN,SYD,A350,31,NAN-SYD
FL-1755,FJ971,NAN,NRT,A330,0,NAN-NRT
FL-1756,FJ600,NAN,VLI,ATR-72,42,NAN-VLI
FL-1757,FJ909,NAN,SFO,A350,22,NAN-SFO
FL-1758,FJ497,NAN,TBU,ATR-72,9,NAN-TBU
FL-1759,FJ575,NAN,VLI,ATR-72,0,NAN-VLI
FL-1760,FJ829,NAN,LAX,A350,33,NAN-LAX
FL-1761,FJ811,NAN,HKG,A330,18,NAN-HKG
FL-1762,FJ585,SUV,SYD,737 MAX,8,SUV-SYD
FL-1763,FJ510,NAN,NRT,A330,11,NAN-NRT
FL-1764,FJ137,NAN,TBU,ATR-72,35,NAN-TBU
FL-1765,FJ307,NAN,SFO,A350,8,NAN-SFO
FL-1766,FJ505,SUV,SYD,737 MAX,0,SUV-SYD
FL-1767,FJ535,NAN,SFO,A350,48,NAN-SFO
FL-1768,FJ260,NAN,SIN,A330,9,NAN-SIN
FL-1769,FJ663,NAN,HKG,A330,8,NAN-HKG
FL-1770,FJ869,NAN,AKL,737 MAX,0,NAN-AKL
FL-1771,FJ555,NAN,AKL,737 MAX,45,NAN-AKL
FL-1772,FJ335,NAN,VLI,ATR-72,0,NAN-VLI
FL-1773,FJ736,NAN,TBU,ATR-72,20,NAN-TBU
FL-1774,FJ542,NAN,HKG,A330,42,NAN-HKG
FL-1775,FJ424,NAN,SIN,A330,0,NAN-SIN
FL-1776,FJ339,NAN,NRT,A330,151,NAN-NRT
FL-1777,FJ177,NAN,NRT,A330,10,NAN-NRT
FL-1778,FJ613,NAN,HKG,A330,21,NAN-HKG
FL-1779,FJ759,NAN,VLI,ATR-72,9,NAN-VLI
FL-1780,FJ333,NAN,AKL,737 MAX,23,NAN-AKL
FL-1781,FJ173,NAN,AKL,737 MAX,5,NAN-AKL
FL-1782,FJ441,NAN,HKG,A330,0,NAN-HKG
FL-1783,FJ437,NAN,SFO,A350,59,NAN-SFO
FL-1784,FJ863,NAN,NRT,A330,0,NAN-NRT
FL-1785,FJ822,NAN,NRT,A330,34,NAN-NRT
FL-1786,FJ975,NAN,TBU,ATR-72,0,NAN-TBU
FL-1787,FJ108,NAN,VLI,ATR-72,9,NAN-VLI
FL-1788,FJ942,NAN,NRT,A330,34,NAN-NRT
FL-1789,FJ941,NAN,HKG,A330,0,NAN-HKG
FL-1790,FJ112,NAN,TBU,ATR-72,40,NAN-TBU
FL-1791,FJ624,SUV,SYD,737 MAX,13,SUV-SYD
FL-1792,FJ840,NAN,LAX,A350,9,NAN-LAX
FL-1793,FJ339,NAN,SFO,A350,21,NAN-SFO
FL-1794,FJ904,NAN,VLI,ATR-72,8,NAN-VLI
FL-1795,FJ839,NAN,VLI,ATR-72,8,NAN-VLI
FL-1796,FJ910,SUV,SYD,737 MAX,26,SUV-SYD
FL-1797,FJ966,NAN,AKL,737 MAX,7,NAN-AKL
FL-1798,FJ814,NAN,SFO,A350,0,NAN-SFO
FL-1799,FJ549,NAN,SIN,A330,32,NAN-SIN
FL-1800,FJ130,SUV,SYD,737 MAX,32,SUV-SYD
FL-1801,FJ691,NAN,HKG,A330,13,NAN-HKG
FL-1802,FJ855,NAN,LAX,A350,14,NAN-LAX
FL-1803,FJ929,NAN,SYD,A350,23,NAN-SYD
FL-1804,FJ330,NAN,HKG,A330,14,NAN-HKG
FL-1805,FJ513,NAN,SIN,A330,10,NAN-SIN
FL-1806,FJ433,NAN,VLI,ATR-72,105,NAN-VLI
FL-1807,FJ132,NAN,TBU,ATR-72,0,NAN-TBU
FL-1808,FJ438,NAN,LAX,A350,17,NAN-LAX
FL-1809,FJ918,NAN,TBU,ATR-72,43,NAN-TBU
FL-1810,FJ687,NAN,TBU,ATR-72,23,NAN-TBU
FL-1811,FJ500,NAN,SIN,A330,42,NAN-SIN
FL-1812,FJ495,NAN,AKL,737 MAX,8,NAN-AKL
FL-1813,FJ211,NAN,SFO,A350,6,NAN-SFO
FL-1814,FJ562,NAN,HKG,A330,38,NAN-HKG
FL-1815,FJ275,NAN,NRT,A330,10,NAN-NRT
FL-1816,FJ666,NAN,AKL,737 MAX,24,NAN-AKL
FL-1817,FJ717,NAN,LAX,A350,0,NAN-LAX
FL-1818,FJ171,SUV,SYD,737 MAX,28,SUV-SYD
FL-1819,FJ310,NAN,SIN,A330,15,NAN-SIN
FL-1820,FJ775,NAN,SFO,A350,6,NAN-SFO
FL-1821,FJ477,NAN,VLI,ATR-72,13,NAN-VLI
FL-1822,FJ980,NAN,VLI,ATR-72,23,NAN-VLI
FL-1823,FJ213,NAN,SIN,A330,0,NAN-SIN
FL-1824,FJ528,NAN,LAX,A350,20,NAN-LAX
FL-1825,FJ986,SUV,SYD,737 MAX,15,SUV-SYD
FL-1826,FJ991,NAN,SFO,A350,0,NAN-SFO
FL-1827,FJ542,NAN,SFO,A350,27,NAN-SFO
FL-1828,FJ718,SUV,SYD,737 MAX,7,SUV-SYD
FL-1829,FJ701,NAN,TBU,ATR-72,6,NAN-TBU
FL-1830,FJ833,NAN,SFO,A350,12,NAN-SFO
FL-1831,FJ306,SUV,SYD,737 MAX,22,SUV-SYD
FL-1832,FJ556,NAN,SYD,A350,52,NAN-SYD
FL-1833,FJ352,NAN,AKL,737 MAX,0,NAN-AKL
FL-1834,FJ682,NAN,VLI,ATR-72,10,NAN-VLI
FL-1835,FJ573,SUV,SYD,737 MAX,0,SUV-SYD
FL-1836,FJ394,NAN,TBU,ATR-72,28,NAN-TBU
FL-1837,FJ817,SUV,SYD,737 MAX,11,SUV-SYD
FL-1838,FJ929,NAN,NRT,A330,24,NAN-NRT
FL-1839,FJ732,NAN,LAX,A350,7,NAN-LAX
FL-1840,FJ493,NAN,SIN,A330,37,NAN-SIN
FL-1841,FJ682,NAN,LAX,A350,15,NAN-LAX
FL-1842,FJ144,NAN,AKL,737 MAX,57,NAN-AKL
FL-1843,FJ380,NAN,SFO,A350,0,NAN-SFO
FL-1844,FJ782,NAN,VLI,ATR-72,14,NAN-VLI
FL-1845,FJ843,NAN,AKL,737 MAX,29,NAN-AKL
FL-1846,FJ521,NAN,SFO,A350,18,NAN-SFO
FL-1847,FJ477,NAN,VLI,ATR-72,0,NAN-VLI
FL-1848,FJ616,NAN,AKL,737 MAX,71,NAN-AKL
FL-1849,FJ358,NAN,HKG,A330,7,NAN-HKG
FL-1850,FJ145,NAN,SFO,A350,5,NAN-SFO
FL-1851,FJ791,SUV,SYD,737 MAX,161,SUV-SYD
FL-1852,FJ508,SUV,SYD,737 MAX,15,SUV-SYD
FL-1853,FJ217,NAN,SFO,A350,121,NAN-SFO
FL-1854,FJ786,NAN,LAX,A350,9,NAN-LAX
FL-1855,FJ572,SUV,SYD,737 MAX,11,SUV-SYD
FL-1856,FJ348,NAN,AKL,737 MAX,15,NAN-AKL
FL-1857,FJ582,SUV,SYD,737 MAX,10,SUV-SYD
FL-1858,FJ274,NAN,NRT,A330,49,NAN-NRT
FL-1859,FJ202,NAN,SYD,A350,38,NAN-SYD
FL-1860,FJ227,NAN,LAX,A350,12,NAN-LAX
FL-1861,FJ787,NAN,VLI,ATR-72,0,NAN-VLI
FL-1862,FJ379,NAN,SYD,A350,46,NAN-SYD
FL-1863,FJ321,NAN,LAX,A350,0,NAN-LAX
FL-1864,FJ645,NAN,SYD,A350,5,NAN-SYD
FL-1865,FJ956,NAN,SFO,A350,0,NAN-SFO
FL-1866,FJ778,NAN,VLI,ATR-72,0,NAN-VLI
FL-1867,FJ554,NAN,AKL,737 MAX,32,NAN-AKL
FL-1868,FJ104,NAN,SYD,A350,17,NAN-SYD
FL-1869,FJ355,NAN,SYD,A350,62,NAN-SYD
FL-1870,FJ304,NAN,HKG,A330,5,NAN-HKG
FL-1871,FJ114,NAN,AKL,737 MAX,13,NAN-AKL
FL-1872,FJ796,NAN,HKG,A330,75,NAN-HKG
FL-1873,FJ198,NAN,AKL,737 MAX,35,NAN-AKL
FL-1874,FJ145,NAN,LAX,A350,26,NAN-LAX
FL-1875,FJ210,NAN,SIN,A330,0,NAN-SIN
FL-1876,FJ675,NAN,HKG,A330,29,NAN-HKG
FL-1877,FJ312,NAN,SFO,A350,8,NAN-SFO
FL-1878,FJ223,NAN,VLI,ATR-72,15,NAN-VLI
FL-1879,FJ208,NAN,SFO,A350,18,NAN-SFO
FL-1880,FJ277,NAN,HKG,A330,18,NAN-HKG
FL-1881,FJ112,NAN,SYD,A350,25,NAN-SYD
FL-1882,FJ569,NAN,SIN,A330,21,NAN-SIN
FL-1883,FJ385,NAN,SFO,A350,0,NAN-SFO
FL-1884,FJ323,NAN,TBU,ATR-72,185,NAN-TBU
FL-1885,FJ885,NAN,SIN,A330,21,NAN-SIN
FL-1886,FJ204,NAN,TBU,ATR-72,7,NAN-TBU
FL-1887,FJ275,NAN,VLI,ATR-72,7,NAN-VLI
FL-1888,FJ714,NAN,NRT,A330,0,NAN-NRT
FL-1889,FJ813,NAN,HKG,A330,10,NAN-HKG
FL-1890,FJ889,NAN,SIN,A330,86,NAN-SIN
FL-1891,FJ279,NAN,LAX,A350,6,NAN-LAX
FL-1892,FJ593,NAN,HKG,A330,15,NAN-HKG
FL-1893,FJ118,NAN,AKL,737 MAX,27,NAN-AKL
FL-1894,FJ559,NAN,TBU,ATR-72,0,NAN-TBU
FL-1895,FJ755,NAN,SIN,A330,46,NAN-SIN
FL-1896,FJ701,NAN,SFO,A350,9,NAN-SFO
FL-1897,FJ121,NAN,SYD,A350,40,NAN-SYD
FL-1898,FJ416,NAN,TBU,ATR-72,0,NAN-TBU
FL-1899,FJ734,NAN,SFO,A350,0,NAN-SFO
FL-1900,FJ610,NAN,AKL,737 MAX,7,NAN-AKL
FL-1901,FJ255,NAN,NRT,A330,8,NAN-NRT
FL-1902,FJ757,NAN,SIN,A330,37,NAN-SIN
FL-1903,FJ842,NAN,SYD,A350,0,NAN-SYD
FL-1904,FJ436,NAN,TBU,ATR-72,20,NAN-TBU
FL-1905,FJ425,NAN,LAX,A350,0,NAN-LAX
FL-1906,FJ910,NAN,SYD,A350,34,NAN-SYD
FL-1907,FJ932,NAN,SIN,A330,30,NAN-SIN
FL-1908,FJ850,NAN,NRT,A330,13,NAN-NRT
FL-1909,FJ348,NAN,HKG,A330,0,NAN-HKG
FL-1910,FJ155,NAN,SFO,A350,20,NAN-SFO
FL-1911,FJ812,NAN,SFO,A350,0,NAN-SFO
FL-1912,FJ993,NAN,SFO,A350,0,NAN-SFO
FL-1913,FJ429,NAN,SIN,A330,19,NAN-SIN
FL-1914,FJ166,NAN,LAX,A350,94,NAN-LAX
FL-1915,FJ153,SUV,SYD,737 MAX,44,SUV-SYD
FL-1916,FJ228,NAN,LAX,A350,17,NAN-LAX
FL-1917,FJ706,NAN,AKL,737 MAX,15,NAN-AKL
FL-1918,FJ341,NAN,VLI,ATR-72,128,NAN-VLI
FL-1919,FJ578,NAN,VLI,ATR-72,15,NAN-VLI
FL-1920,FJ838,NAN,NRT,A330,10,NAN-NRT
FL-1921,FJ534,NAN,SFO,A350,48,NAN-SFO
FL-1922,FJ354,NAN,LAX,A350,5,NAN-LAX
FL-1923,FJ690,NAN,NRT,A330,0,NAN-NRT
FL-1924,FJ306,SUV,SYD,737 MAX,20,SUV-SYD
FL-1925,FJ181,NAN,NRT,A330,0,NAN-NRT
FL-1926,FJ582,NAN,HKG,A330,9,NAN-HKG
FL-1927,FJ852,SUV,SYD,737 MAX,11,SUV-SYD
FL-1928,FJ939,NAN,SIN,A330,15,NAN-SIN
FL-1929,FJ537,SUV,SYD,737 MAX,95,SUV-SYD
FL-1930,FJ709,NAN,AKL,737 MAX,0,NAN-AKL
FL-1931,FJ666,NAN,VLI,ATR-72,9,NAN-VLI
FL-1932,FJ489,NAN,LAX,A350,0,NAN-LAX
FL-1933,FJ564,SUV,SYD,737 MAX,18,SUV-SYD
FL-1934,FJ592,NAN,NRT,A330,26,NAN-NRT
FL-1935,FJ239,NAN,AKL,737 MAX,13,NAN-AKL
FL-1936,FJ258,SUV,SYD,737 MAX,5,SUV-SYD
FL-1937,FJ847,NAN,SFO,A350,143,NAN-SFO
FL-1938,FJ514,NAN,HKG,A330,15,NAN-HKG
FL-1939,FJ482,NAN,SIN,A330,0,NAN-SIN
FL-1940,FJ415,NAN,SIN,A330,10,NAN-SIN
FL-1941,FJ139,NAN,TBU,ATR-72,11,NAN-TBU
FL-1942,FJ266,NAN,AKL,737 MAX,81,NAN-AKL
FL-1943,FJ889,NAN,SFO,A350,37,NAN-SFO
FL-1944,FJ826,NAN,HKG,A330,26,NAN-HKG
FL-1945,FJ805,SUV,SYD,737 MAX,43,SUV-SYD
FL-1946,FJ159,NAN,HKG,A330,26,NAN-HKG
FL-1947,FJ348,NAN,SIN,A330,46,NAN-SIN
FL-1948,FJ470,SUV,SYD,737 MAX,0,SUV-SYD
FL-1949,FJ781,NAN,SYD,A350,12,NAN-SYD
FL-1950,FJ719,NAN,LAX,A350,27,NAN-LAX
FL-1951,FJ250,SUV,SYD,737 MAX,17,SUV-SYD
FL-1952,FJ716,NAN,NRT,A330,0,NAN-NRT
FL-1953,FJ961,NAN,TBU,ATR-72,8,NAN-TBU
FL-1954,FJ194,NAN,LAX,A350,7,NAN-LAX
FL-1955,FJ182,NAN,SIN,A330,6,NAN-SIN
FL-1956,FJ997,NAN,VLI,ATR-72,8,NAN-VLI
FL-1957,FJ949,NAN,SIN,A330,14,NAN-SIN
FL-1958,FJ808,NAN,SIN,A330,38,NAN-SIN
FL-1959,FJ645,NAN,NRT,A330,27,NAN-NRT
FL-1960,FJ415,NAN,SIN,A330,36,NAN-SIN
FL-1961,FJ211,NAN,SIN,A330,43,NAN-SIN
FL-1962,FJ933,NAN,TBU,ATR-72,10,NAN-TBU
FL-1963,FJ866,NAN,LAX,A350,8,NAN-LAX
FL-1964,FJ106,NAN,SFO,A350,0,NAN-SFO
FL-1965,FJ101,NAN,LAX,A350,53,NAN-LAX
FL-1966,FJ527,NAN,AKL,737 MAX,0,NAN-AKL
FL-1967,FJ850,NAN,VLI,ATR-72,27,NAN-VLI
FL-1968,FJ280,NAN,SIN,A330,9,NAN-SIN
FL-1969,FJ820,NAN,HKG,A330,59,NAN-HKG
FL-1970,FJ598,NAN,LAX,A350,10,NAN-LAX
FL-1971,FJ212,NAN,LAX,A350,33,NAN-LAX
FL-1972,FJ933,SUV,SYD,737 MAX,6,SUV-SYD
FL-1973,FJ305,NAN,SFO,A350,7,NAN-SFO
FL-1974,FJ928,NAN,SYD,A350,18,NAN-SYD
FL-1975,FJ992,NAN,SFO,A350,124,NAN-SFO
FL-1976,FJ739,NAN,SIN,A330,14,NAN-SIN
FL-1977,FJ270,NAN,AKL,737 MAX,55,NAN-AKL
FL-1978,FJ187,NAN,AKL,737 MAX,30,NAN-AKL
FL-1979,FJ383,NAN,SIN,A330,31,NAN-SIN
FL-1980,FJ130,NAN,AKL,737 MAX,11,NAN-AKL
FL-1981,FJ589,NAN,TBU,ATR-72,9,NAN-TBU
FL-1982,FJ878,SUV,SYD,737 MAX,0,SUV-SYD
FL-1983,FJ107,NAN,AKL,737 MAX,222,NAN-AKL
FL-1984,FJ910,NAN,TBU,ATR-72,190,NAN-TBU
FL-1985,FJ879,NAN,SYD,A350,27,NAN-SYD
FL-1986,FJ584,NAN,NRT,A330,7,NAN-NRT
FL-1987,FJ539,NAN,HKG,A330,5,NAN-HKG
FL-1988,FJ451,NAN,HKG,A330,89,NAN-HKG
FL-1989,FJ469,NAN,HKG,A330,0,NAN-HKG
FL-1990,FJ464,NAN,SIN,A330,37,NAN-SIN
FL-1991,FJ103,NAN,HKG,A330,8,NAN-HKG
FL-1992,FJ511,SUV,SYD,737 MAX,10,SUV-SYD
FL-1993,FJ989,NAN,LAX,A350,35,NAN-LAX
FL-1994,FJ816,NAN,VLI,ATR-72,0,NAN-VLI
FL-1995,FJ802,NAN,SFO,A350,8,NAN-SFO
FL-1996,FJ523,SUV,SYD,737 MAX,60,SUV-SYD
FL-1997,FJ932,NAN,SFO,A350,24,NAN-SFO
FL-1998,FJ994,NAN,HKG,A330,28,NAN-HKG
FL-1999,FJ794,NAN,SYD,A350,28,NAN-SYD
